dt,sessions,orders,revenue,revenue_raw,conversion,aov,pageviews,pageviews_per_session,is_holiday,holiday_name,holiday_lead_1,holiday_lag_1,dow,is_weekend,month,month_start_flag,month_end_flag,week_of_month
2016-08-01,977,32,4675.67,4675670000,0.032753326509723645,146.1146875,7411,7.58546571136131,0,,0,0,0,0,8,1,0,1
2016-08-02,1105,17,1439.62,1439620000,0.015384615384615385,84.6835294117647,8448,7.645248868778281,0,,0,0,1,0,8,0,0,1
2016-08-03,1276,0,0.0,0,0.0,,9535,7.472570532915361,0,,0,0,2,0,8,0,0,1
2016-08-04,1226,16,1064.93,1064930000,0.013050570962479609,66.558125,7933,6.470636215334421,0,,0,0,3,0,8,0,0,1
2016-08-05,1073,41,5723.55,5723550000,0.03821062441752097,139.59878048780487,9085,8.466915191053122,0,,0,0,4,0,8,0,0,1
2016-08-06,556,10,1938.04,1938040000,0.017985611510791366,193.804,4132,7.431654676258993,0,,0,0,5,1,8,0,0,1
2016-08-07,551,14,2355.27,2355270000,0.025408348457350273,168.23357142857142,4472,8.116152450090745,0,,0,0,6,1,8,0,0,1
2016-08-08,1210,33,3818.32,3818320000,0.02727272727272727,115.70666666666668,8750,7.231404958677686,0,,0,0,0,0,8,0,0,2
2016-08-09,1124,40,4756.16,4756160000,0.03558718861209965,118.904,8429,7.499110320284697,0,,0,0,1,0,8,0,0,2
2016-08-10,1148,46,4550.21,4550210000,0.04006968641114982,98.91760869565218,8747,7.619337979094077,0,,0,0,2,0,8,0,0,2
2016-08-11,1160,50,9310.17,9310170000,0.04310344827586207,186.2034,8730,7.525862068965517,0,,0,0,3,0,8,0,0,2
2016-08-12,1310,70,8555.01,8555010000,0.05343511450381679,122.21442857142857,12004,9.163358778625954,0,,0,0,4,0,8,0,0,2
2016-08-13,510,14,2347.05,2347050000,0.027450980392156862,167.64642857142857,3532,6.925490196078432,0,,0,0,5,1,8,0,0,2
2016-08-14,573,23,3975.54,3975540000,0.04013961605584642,172.8495652173913,4836,8.43979057591623,0,,0,0,6,1,8,0,0,2
2016-08-15,1493,60,6027.92,6027920000,0.04018754186202277,100.46533333333333,10002,6.699263228399197,0,,0,0,0,0,8,0,0,3
2016-08-16,1292,59,6529.13,6529130000,0.0456656346749226,110.66322033898305,9795,7.5812693498452015,0,,0,0,1,0,8,0,0,3
2016-08-17,1272,39,5005.38,5005380000,0.030660377358490566,128.34307692307692,9570,7.523584905660377,0,,0,0,2,0,8,0,0,3
2016-08-18,1238,40,5976.98,5976980000,0.03231017770597738,149.4245,8400,6.78513731825525,0,,0,0,3,0,8,0,0,3
2016-08-19,1072,56,3785.91,3785910000,0.05223880597014925,67.60553571428571,8026,7.486940298507463,0,,0,0,4,0,8,0,0,3
2016-08-20,609,18,2968.12,2968120000,0.029556650246305417,164.89555555555555,4705,7.725779967159277,0,,0,0,5,1,8,0,0,3
2016-08-21,610,21,2204.63,2204630000,0.03442622950819672,104.98238095238096,4215,6.909836065573771,0,,0,0,6,1,8,0,0,3
2016-08-22,1163,48,11771.73,11771730000,0.0412725709372313,245.244375,8371,7.197764402407566,0,,0,0,0,0,8,0,0,4
2016-08-23,1124,60,10259.09,10259090000,0.05338078291814947,170.98483333333334,8203,7.298042704626335,0,,0,0,1,0,8,0,0,4
2016-08-24,1135,46,5171.42,5171420000,0.04052863436123348,112.42217391304348,8765,7.722466960352423,0,,0,0,2,0,8,0,0,4
2016-08-25,1057,54,11982.12,11982120000,0.0510879848628193,221.89111111111112,8472,8.015137180700094,0,,0,0,3,0,8,0,0,4
2016-08-26,999,39,5546.85,5546850000,0.03903903903903904,142.2269230769231,7287,7.2942942942942945,0,,0,0,4,0,8,0,0,4
2016-08-27,570,18,1108.62,1108620000,0.031578947368421054,61.589999999999996,4401,7.721052631578948,0,,0,0,5,1,8,0,0,4
2016-08-28,552,24,3857.53,3857530000,0.043478260869565216,160.73041666666668,4601,8.335144927536232,0,,0,0,6,1,8,0,0,4
2016-08-29,1056,42,6763.98,6763980000,0.03977272727272727,161.04714285714286,8287,7.847537878787879,0,,0,0,0,0,8,0,0,5
2016-08-30,1072,35,3278.71,3278710000,0.03264925373134328,93.67742857142858,7502,6.998134328358209,0,,0,0,1,0,8,0,0,5
2016-08-31,1254,36,4279.09,4279090000,0.028708133971291867,118.86361111111111,9067,7.2304625199362045,0,,0,0,2,0,8,0,1,5
2016-09-01,1081,42,6044.6,6044600000,0.03885291396854764,143.91904761904763,7899,7.307123034227567,0,,0,0,3,0,9,1,0,1
2016-09-02,978,33,6335.8,6335800000,0.03374233128834356,191.9939393939394,6957,7.113496932515337,0,,0,0,4,0,9,0,0,1
2016-09-03,527,13,983.03,983030000,0.024667931688804556,75.61769230769231,3477,6.597722960151803,0,,0,0,5,1,9,0,0,1
2016-09-04,487,10,792.26,792260000,0.02053388090349076,79.226,3192,6.55441478439425,0,,1,0,6,1,9,0,0,1
2016-09-05,645,16,1643.16,1643160000,0.024806201550387597,102.6975,4514,6.998449612403101,1,Labour Day,0,0,0,0,9,0,0,1
2016-09-06,1013,40,4813.13,4813130000,0.039486673247778874,120.32825,7542,7.445212240868707,0,,0,1,1,0,9,0,0,1
2016-09-07,1124,37,5788.59,5788590000,0.03291814946619217,156.44837837837838,7688,6.839857651245552,0,,0,0,2,0,9,0,0,1
2016-09-08,1113,51,7299.86,7299860000,0.04582210242587601,143.13450980392156,10373,9.319856244384546,0,,0,0,3,0,9,0,0,2
2016-09-09,1069,37,4322.95,4322950000,0.03461178671655753,116.83648648648648,7339,6.865294667913938,0,,0,0,4,0,9,0,0,2
2016-09-10,586,14,942.05,942050000,0.023890784982935155,67.28928571428571,4491,7.663822525597269,0,,0,0,5,1,9,0,0,2
2016-09-11,580,16,1228.6,1228600000,0.027586206896551724,76.7875,3750,6.4655172413793105,0,,0,0,6,1,9,0,0,2
2016-09-12,1077,27,5702.74,5702740000,0.025069637883008356,211.21259259259259,7449,6.9164345403899725,0,,0,0,0,0,9,0,0,2
2016-09-13,1044,25,6164.49,6164490000,0.023946360153256706,246.5796,7167,6.864942528735632,0,,0,0,1,0,9,0,0,2
2016-09-14,1183,43,6325.31,6325310000,0.03634826711749789,147.10023255813954,9000,7.607776838546069,0,,0,0,2,0,9,0,0,2
2016-09-15,1458,31,5992.76,5992760000,0.021262002743484224,193.31483870967742,10423,7.14883401920439,0,,0,0,3,0,9,0,0,3
2016-09-16,1143,37,20391.92,20391920000,0.03237095363079615,551.1329729729729,8648,7.566054243219598,0,,0,0,4,0,9,0,0,3
2016-09-17,547,8,199.08,199080000,0.014625228519195612,24.885,3556,6.50091407678245,0,,0,0,5,1,9,0,0,3
2016-09-18,581,14,848.4,848400000,0.024096385542168676,60.6,4231,7.282271944922547,0,,0,0,6,1,9,0,0,3
2016-09-19,1123,36,4759.55,4759550000,0.032056990204808546,132.20972222222224,8088,7.2021371326803205,0,,0,0,0,0,9,0,0,3
2016-09-20,1115,44,5085.04,5085040000,0.039461883408071746,115.5690909090909,7370,6.609865470852018,0,,0,0,1,0,9,0,0,3
2016-09-21,1175,38,3990.63,3990630000,0.03234042553191489,105.01657894736843,9178,7.811063829787234,0,,0,0,2,0,9,0,0,3
2016-09-22,933,31,3368.5,3368500000,0.03322615219721329,108.66129032258064,7008,7.511254019292605,0,,0,0,3,0,9,0,0,4
2016-09-23,897,24,2063.48,2063480000,0.026755852842809364,85.97833333333334,6238,6.954292084726867,0,,0,0,4,0,9,0,0,4
2016-09-24,541,13,678.76,678760000,0.024029574861367836,52.21230769230769,3890,7.190388170055453,0,,0,0,5,1,9,0,0,4
2016-09-25,622,18,1124.21,1124210000,0.028938906752411574,62.45611111111111,4540,7.29903536977492,0,,0,0,6,1,9,0,0,4
2016-09-26,1133,43,5204.64,5204640000,0.03795233892321271,121.03813953488373,8961,7.909090909090909,0,,0,0,0,0,9,0,0,4
2016-09-27,1089,36,4174.35,4174350000,0.03305785123966942,115.95416666666668,7805,7.16712580348944,0,,0,0,1,0,9,0,0,4
2016-09-28,1079,43,5734.12,5734120000,0.03985171455050973,133.35162790697674,7647,7.087117701575533,0,,0,0,2,0,9,0,0,4
2016-09-29,1076,30,2185.1,2185100000,0.027881040892193308,72.83666666666666,7556,7.022304832713755,0,,0,0,3,0,9,0,0,5
2016-09-30,994,25,2698.94,2698940000,0.025150905432595575,107.9576,6282,6.3199195171026155,0,,0,0,4,0,9,0,1,5
2016-10-01,496,6,811.72,811720000,0.012096774193548387,135.28666666666666,3126,6.30241935483871,0,,0,0,5,1,10,1,0,1
2016-10-02,575,23,1535.32,1535320000,0.04,66.75304347826086,3769,6.554782608695652,0,,0,0,6,1,10,0,0,1
2016-10-03,1052,40,6540.08,6540080000,0.03802281368821293,163.502,7736,7.35361216730038,0,,0,0,0,0,10,0,0,1
2016-10-04,1849,32,3181.66,3181660000,0.017306652244456464,99.426875,10878,5.883180097349919,0,,0,0,1,0,10,0,0,1
2016-10-05,1572,44,5043.08,5043080000,0.027989821882951654,114.61545454545454,9841,6.260178117048346,0,,0,0,2,0,10,0,0,1
2016-10-06,1145,35,3269.81,3269810000,0.03056768558951965,93.42314285714285,7154,6.2480349344978166,0,,0,0,3,0,10,0,0,1
2016-10-07,1230,39,4067.67,4067670000,0.03170731707317073,104.29923076923077,8385,6.817073170731708,0,,0,0,4,0,10,0,0,1
2016-10-08,726,10,729.69,729690000,0.013774104683195593,72.96900000000001,5040,6.9421487603305785,0,,0,0,5,1,10,0,0,2
2016-10-09,767,21,1917.16,1917160000,0.027379400260756193,91.29333333333334,4605,6.003911342894393,0,,1,0,6,1,10,0,0,2
2016-10-10,1173,38,4011.26,4011260000,0.03239556692242114,105.55947368421053,7286,6.211423699914748,1,Columbus Day,1,0,0,0,10,0,0,2
2016-10-10,1173,38,4011.26,4011260000,0.03239556692242114,105.55947368421053,7286,6.211423699914748,1,Indigenous Peoples' Day,0,1,0,0,10,0,0,2
2016-10-11,1188,40,5153.87,5153870000,0.03367003367003367,128.84675,6837,5.755050505050505,0,,0,1,1,0,10,0,0,2
2016-10-12,1166,35,4801.63,4801630000,0.030017152658662092,137.18942857142858,7068,6.061749571183533,0,,0,0,2,0,10,0,0,2
2016-10-13,1193,31,4401.32,4401320000,0.025984911986588432,141.97806451612902,7207,6.041072925398156,0,,0,0,3,0,10,0,0,2
2016-10-14,1090,20,5041.25,5041250000,0.01834862385321101,252.0625,5790,5.3119266055045875,0,,0,0,4,0,10,0,0,2
2016-10-15,694,10,487.35,487350000,0.01440922190201729,48.735,3426,4.936599423631124,0,,0,0,5,1,10,0,0,3
2016-10-16,719,19,1748.84,1748840000,0.02642559109874826,92.04421052631578,4162,5.7885952712100135,0,,0,0,6,1,10,0,0,3
2016-10-17,1080,40,6020.7,6020700000,0.037037037037037035,150.51749999999998,7224,6.688888888888889,0,,0,0,0,0,10,0,0,3
2016-10-18,1160,31,6912.13,6912130000,0.026724137931034484,222.97193548387096,7057,6.083620689655173,0,,0,0,1,0,10,0,0,3
2016-10-19,1038,29,7106.65,7106650000,0.027938342967244702,245.05689655172412,6142,5.917148362235068,0,,0,0,2,0,10,0,0,3
2016-10-20,1109,30,8751.22,8751220000,0.027051397655545536,291.70733333333334,5955,5.369702434625789,0,,0,0,3,0,10,0,0,3
2016-10-21,924,47,5661.36,5661360000,0.050865800865800864,120.45446808510637,5400,5.8441558441558445,0,,0,0,4,0,10,0,0,3
2016-10-22,671,14,1217.49,1217490000,0.020864381520119227,86.96357142857143,3853,5.742175856929955,0,,0,0,5,1,10,0,0,4
2016-10-23,657,22,986.48,986480000,0.0334855403348554,44.84,3839,5.8432267884322675,0,,0,0,6,1,10,0,0,4
2016-10-24,1181,32,2314.4,2314400000,0.027095681625740897,72.325,6390,5.410668924640135,0,,0,0,0,0,10,0,0,4
2016-10-25,959,20,1423.89,1423890000,0.020855057351407715,71.1945,5394,5.624608967674661,0,,0,0,1,0,10,0,0,4
2016-10-26,1209,39,5067.58,5067580000,0.03225806451612903,129.93794871794873,6666,5.513647642679901,0,,0,0,2,0,10,0,0,4
2016-10-27,1186,44,5455.86,5455860000,0.03709949409780776,123.99681818181817,6762,5.701517706576729,0,,0,0,3,0,10,0,0,4
2016-10-28,947,30,6380.23,6380230000,0.03167898627243928,212.67433333333332,5290,5.586061246040127,0,,0,0,4,0,10,0,0,4
2016-10-29,650,11,2237.04,2237040000,0.016923076923076923,203.36727272727273,3248,4.996923076923077,0,,0,0,5,1,10,0,0,5
2016-10-30,721,15,993.63,993630000,0.020804438280166437,66.242,3653,5.066574202496533,0,,0,0,6,1,10,0,0,5
2016-10-31,1015,32,4552.85,4552850000,0.03152709359605911,142.2765625,5309,5.230541871921182,0,,0,0,0,0,10,0,1,5
2016-11-01,970,33,5813.72,5813720000,0.03402061855670103,176.17333333333335,5764,5.942268041237114,0,,0,0,1,0,11,1,0,1
2016-11-02,1066,27,6872.12,6872120000,0.025328330206378986,254.52296296296296,6131,5.75140712945591,0,,0,0,2,0,11,0,0,1
2016-11-03,1061,33,4514.75,4514750000,0.03110273327049953,136.81060606060606,5727,5.397737983034872,0,,0,0,3,0,11,0,0,1
2016-11-04,976,37,4288.38,4288380000,0.03790983606557377,115.90216216216217,5396,5.528688524590164,0,,0,0,4,0,11,0,0,1
2016-11-05,647,20,1247.61,1247610000,0.030911901081916538,62.3805,3810,5.8887171561051,0,,0,0,5,1,11,0,0,1
2016-11-06,676,20,1488.41,1488410000,0.029585798816568046,74.4205,3718,5.5,0,,0,0,6,1,11,0,0,1
2016-11-07,1016,40,2552.83,2552830000,0.03937007874015748,63.82075,6436,6.334645669291339,0,,0,0,0,0,11,0,0,1
2016-11-08,983,44,7264.52,7264520000,0.044760935910478125,165.1027272727273,5970,6.07324516785351,0,,0,0,1,0,11,0,0,2
2016-11-09,862,31,4029.76,4029760000,0.03596287703016241,129.99225806451614,5141,5.964037122969837,0,,0,0,2,0,11,0,0,2
2016-11-10,1002,25,4602.06,4602060000,0.0249500998003992,184.0824,6082,6.069860279441118,0,,1,0,3,0,11,0,0,2
2016-11-11,875,22,2597.13,2597130000,0.025142857142857144,118.05136363636365,4710,5.382857142857143,1,Veterans Day,0,0,4,0,11,0,0,2
2016-11-12,590,14,1144.92,1144920000,0.023728813559322035,81.78,3177,5.384745762711864,0,,0,1,5,1,11,0,0,2
2016-11-13,610,17,1345.4,1345400000,0.027868852459016394,79.14117647058823,3519,5.768852459016394,0,,0,0,6,1,11,0,0,2
2016-11-14,1098,36,3876.17,3876170000,0.03278688524590164,107.67138888888888,6431,5.8570127504553735,0,,0,0,0,0,11,0,0,2
2016-11-15,1165,30,3305.42,3305420000,0.02575107296137339,110.18066666666667,7036,6.039484978540773,0,,0,0,1,0,11,0,0,3
2016-11-16,1170,38,6194.46,6194460000,0.03247863247863248,163.0121052631579,6721,5.7444444444444445,0,,0,0,2,0,11,0,0,3
2016-11-17,1164,51,9209.52,9209520000,0.04381443298969072,180.57882352941178,6968,5.986254295532646,0,,0,0,3,0,11,0,0,3
2016-11-18,1030,34,5022.92,5022920000,0.03300970873786408,147.7329411764706,5651,5.4864077669902915,0,,0,0,4,0,11,0,0,3
2016-11-19,678,12,778.31,778310000,0.017699115044247787,64.85916666666667,3910,5.766961651917404,0,,0,0,5,1,11,0,0,3
2016-11-20,793,11,862.44,862440000,0.013871374527112233,78.40363636363637,5072,6.395964691046658,0,,0,0,6,1,11,0,0,3
2016-11-21,1249,39,4087.66,4087660000,0.03122497998398719,104.81179487179487,7223,5.78302642113691,0,,0,0,0,0,11,0,0,3
2016-11-22,1042,21,2869.84,2869840000,0.02015355086372361,136.6590476190476,5775,5.542226487523992,0,,0,0,1,0,11,0,0,4
2016-11-23,1071,33,7400.81,7400810000,0.03081232492997199,224.2669696969697,6137,5.73015873015873,0,,1,0,2,0,11,0,0,4
2016-11-24,850,14,1362.37,1362370000,0.01647058823529412,97.31214285714285,4350,5.117647058823529,1,Thanksgiving Day,0,0,3,0,11,0,0,4
2016-11-25,1058,27,3118.69,3118690000,0.02551984877126654,115.50703703703704,6016,5.686200378071834,0,,0,1,4,0,11,0,0,4
2016-11-26,788,11,3147.53,3147530000,0.013959390862944163,286.13909090909095,4099,5.201776649746193,0,,0,0,5,1,11,0,0,4
2016-11-27,939,17,1174.59,1174590000,0.01810436634717785,69.0935294117647,4925,5.244941427050053,0,,0,0,6,1,11,0,0,4
2016-11-28,1918,71,8391.59,8391590000,0.0370177267987487,118.19140845070423,11670,6.084462982273201,0,,0,0,0,0,11,0,0,4
2016-11-29,1539,46,5611.09,5611090000,0.029889538661468484,121.98021739130435,8973,5.830409356725146,0,,0,0,1,0,11,0,0,5
2016-11-30,1382,53,13970.25,13970250000,0.03835021707670044,263.58962264150944,7817,5.656295224312591,0,,0,0,2,0,11,0,1,5
2016-12-01,1393,47,4516.26,4516260000,0.03374012921751615,96.09063829787235,8153,5.852835606604451,0,,0,0,3,0,12,1,0,1
2016-12-02,1271,41,4860.8,4860800000,0.03225806451612903,118.55609756097562,8003,6.2966168371361135,0,,0,0,4,0,12,0,0,1
2016-12-03,829,20,1043.88,1043880000,0.024125452352231604,52.194,4908,5.920386007237636,0,,0,0,5,1,12,0,0,1
2016-12-04,933,34,1749.23,1749230000,0.03644158628081458,51.447941176470586,5661,6.067524115755627,0,,0,0,6,1,12,0,0,1
2016-12-05,1673,79,10715.73,10715730000,0.04722056186491333,135.64215189873417,10787,6.447698744769874,0,,0,0,0,0,12,0,0,1
2016-12-06,1721,66,13013.42,13013420000,0.03834979662986636,197.17303030303032,10693,6.213248111563045,0,,0,0,1,0,12,0,0,1
2016-12-07,1457,46,6935.9,6935900000,0.031571722717913524,150.7804347826087,8478,5.818805765271105,0,,0,0,2,0,12,0,0,1
2016-12-08,1572,64,8337.34,8337340000,0.04071246819338423,130.2709375,9634,6.128498727735369,0,,0,0,3,0,12,0,0,2
2016-12-09,1506,73,8880.26,8880260000,0.04847277556440903,121.64739726027398,9220,6.1221779548472774,0,,0,0,4,0,12,0,0,2
2016-12-10,998,37,2476.42,2476420000,0.03707414829659319,66.93027027027027,5934,5.945891783567134,0,,0,0,5,1,12,0,0,2
2016-12-11,1038,54,2686.52,2686520000,0.05202312138728324,49.75037037037037,6321,6.089595375722543,0,,0,0,6,1,12,0,0,2
2016-12-12,1907,84,15027.92,15027920000,0.04404824331410592,178.9038095238095,11058,5.7986366019926585,0,,0,0,0,0,12,0,0,2
2016-12-13,1697,85,10203.95,10203950000,0.05008839127872716,120.04647058823531,10119,5.96287566293459,0,,0,0,1,0,12,0,0,2
2016-12-14,1627,61,5614.16,5614160000,0.037492317148125384,92.03540983606557,9723,5.976029502151198,0,,0,0,2,0,12,0,0,2
2016-12-15,1540,72,9941.05,9941050000,0.046753246753246755,138.0701388888889,9530,6.188311688311688,0,,0,0,3,0,12,0,0,3
2016-12-16,1710,86,8461.13,8461130000,0.050292397660818715,98.38523255813952,10224,5.978947368421053,0,,0,0,4,0,12,0,0,3
2016-12-17,1091,45,3262.33,3262330000,0.04124656278643447,72.49622222222222,6678,6.120989917506875,0,,0,0,5,1,12,0,0,3
2016-12-18,1027,41,3132.32,3132320000,0.03992210321324245,76.39804878048781,6029,5.870496592015579,0,,0,0,6,1,12,0,0,3
2016-12-19,2002,68,6872.65,6872650000,0.03396603396603397,101.06838235294117,10481,5.235264735264735,0,,0,0,0,0,12,0,0,3
2016-12-20,1862,66,9271.67,9271670000,0.03544575725026853,140.47984848484847,10266,5.513426423200859,0,,0,0,1,0,12,0,0,3
2016-12-21,1432,34,2980.1,2980100000,0.023743016759776536,87.64999999999999,7429,5.187849162011173,0,,0,0,2,0,12,0,0,3
2016-12-22,1158,33,3403.64,3403640000,0.02849740932642487,103.14060606060606,5982,5.16580310880829,0,,0,0,3,0,12,0,0,4
2016-12-23,753,18,1494.28,1494280000,0.02390438247011952,83.01555555555555,3367,4.47144754316069,0,,0,0,4,0,12,0,0,4
2016-12-24,553,17,984.02,984020000,0.03074141048824593,57.883529411764705,2552,4.6148282097649185,0,,0,0,5,1,12,0,0,4
2016-12-25,615,16,1120.36,1120360000,0.026016260162601626,70.0225,3441,5.595121951219512,0,,1,0,6,1,12,0,0,4
2016-12-26,661,14,1090.49,1090490000,0.02118003025718608,77.89214285714286,3307,5.0030257186081695,1,Christmas Day,0,0,0,0,12,0,0,4
2016-12-27,928,14,1061.28,1061280000,0.015086206896551725,75.80571428571429,4596,4.952586206896552,0,,0,1,1,0,12,0,0,4
2016-12-28,831,21,3162.64,3162640000,0.02527075812274368,150.60190476190476,4693,5.6474127557160045,0,,0,0,2,0,12,0,0,4
2016-12-29,796,16,2792.26,2792260000,0.020100502512562814,174.51625,4557,5.724874371859296,0,,0,0,3,0,12,0,0,5
2016-12-30,670,12,756.61,756610000,0.01791044776119403,63.05083333333334,3241,4.8373134328358205,0,,0,0,4,0,12,0,0,5
2016-12-31,515,10,754.17,754170000,0.019417475728155338,75.417,2230,4.330097087378641,0,,0,0,5,1,12,0,1,5
2017-01-01,603,11,993.01,993010000,0.01824212271973466,90.27363636363636,3008,4.988391376451078,0,,1,0,6,1,1,1,0,1
2017-01-02,673,17,1001.64,1001640000,0.02526002971768202,58.92,3213,4.774145616641902,1,New Year's Day,0,0,0,0,1,0,0,1
2017-01-03,1371,31,4560.24,4560240000,0.02261123267687819,147.10451612903225,6653,4.852662290299052,0,,0,1,1,0,1,0,0,1
2017-01-04,1242,30,4741.39,4741390000,0.024154589371980676,158.04633333333334,7689,6.190821256038648,0,,0,0,2,0,1,0,0,1
2017-01-05,1062,39,9017.01,9017010000,0.03672316384180791,231.20538461538462,5992,5.642184557438795,0,,0,0,3,0,1,0,0,1
2017-01-06,1002,26,4335.24,4335240000,0.02594810379241517,166.73999999999998,5815,5.803393213572854,0,,0,0,4,0,1,0,0,1
2017-01-07,638,8,388.27,388270000,0.012539184952978056,48.53375,2945,4.615987460815047,0,,0,0,5,1,1,0,0,1
2017-01-08,614,11,1615.3,1615300000,0.017915309446254073,146.84545454545454,3067,4.995114006514658,0,,0,0,6,1,1,0,0,2
2017-01-09,1029,37,6875.48,6875480000,0.03595724003887269,185.82378378378377,5568,5.411078717201166,0,,0,0,0,0,1,0,0,2
2017-01-10,1042,22,5962.75,5962750000,0.02111324376199616,271.03409090909093,5247,5.035508637236084,0,,0,0,1,0,1,0,0,2
2017-01-11,963,16,1425.68,1425680000,0.016614745586708203,89.105,4573,4.7487019730010385,0,,0,0,2,0,1,0,0,2
2017-01-12,1024,22,4199.51,4199510000,0.021484375,190.8868181818182,5482,5.353515625,0,,0,0,3,0,1,0,0,2
2017-01-13,863,28,3317.6,3317600000,0.03244495944380069,118.48571428571428,4899,5.676709154113557,0,,0,0,4,0,1,0,0,2
2017-01-14,545,10,536.16,536160000,0.01834862385321101,53.616,2773,5.088073394495413,0,,0,0,5,1,1,0,0,2
2017-01-15,606,6,127.88,127880000,0.009900990099009901,21.313333333333333,2738,4.518151815181518,0,,1,0,6,1,1,0,0,3
2017-01-16,742,11,2390.42,2390420000,0.014824797843665768,217.3109090909091,4054,5.463611859838275,1,"Martin Luther King, Jr. Day",0,0,0,0,1,0,0,3
2017-01-17,1174,31,3648.51,3648510000,0.026405451448040886,117.69387096774194,6047,5.150766609880749,0,,0,1,1,0,1,0,0,3
2017-01-18,1082,37,7069.14,7069140000,0.034195933456561925,191.05783783783784,5370,4.963031423290204,0,,0,0,2,0,1,0,0,3
2017-01-19,1020,27,3056.97,3056970000,0.026470588235294117,113.2211111111111,5553,5.444117647058824,0,,0,0,3,0,1,0,0,3
2017-01-20,991,20,2839.17,2839170000,0.020181634712411706,141.95850000000002,5369,5.417759838546922,0,,0,0,4,0,1,0,0,3
2017-01-21,651,11,968.55,968550000,0.016897081413210446,88.05,2975,4.56989247311828,0,,0,0,5,1,1,0,0,3
2017-01-22,617,10,1394.14,1394140000,0.01620745542949757,139.41400000000002,3458,5.604538087520259,0,,0,0,6,1,1,0,0,4
2017-01-23,1052,27,2916.54,2916540000,0.025665399239543727,108.02,5306,5.0437262357414445,0,,0,0,0,0,1,0,0,4
2017-01-24,1568,25,4887.29,4887290000,0.01594387755102041,195.4916,6689,4.26594387755102,0,,0,0,1,0,1,0,0,4
2017-01-25,1232,33,2794.43,2794430000,0.026785714285714284,84.67969696969696,5912,4.798701298701299,0,,0,0,2,0,1,0,0,4
2017-01-26,980,28,4500.41,4500410000,0.02857142857142857,160.72892857142855,5221,5.327551020408163,0,,0,0,3,0,1,0,0,4
2017-01-27,881,22,3741.17,3741170000,0.024971623155505107,170.05318181818183,4564,5.180476730987515,0,,0,0,4,0,1,0,0,4
2017-01-28,589,4,93.54,93540000,0.006791171477079796,23.385,2910,4.9405772495755516,0,,0,0,5,1,1,0,0,4
2017-01-29,780,17,2195.5,2195500000,0.021794871794871794,129.14705882352942,3819,4.8961538461538465,0,,0,0,6,1,1,0,0,5
2017-01-30,1135,33,3987.07,3987070000,0.02907488986784141,120.82030303030304,6256,5.511894273127753,0,,0,0,0,0,1,0,0,5
2017-01-31,1016,37,5776.16,5776160000,0.03641732283464567,156.11243243243243,5806,5.714566929133858,0,,0,0,1,0,1,0,1,5
2017-02-01,1146,29,6007.24,6007240000,0.02530541012216405,207.14620689655172,6511,5.681500872600349,0,,0,0,2,0,2,1,0,1
2017-02-02,1048,26,3160.31,3160310000,0.02480916030534351,121.55038461538462,5480,5.229007633587786,0,,0,0,3,0,2,0,0,1
2017-02-03,958,28,4544.56,4544560000,0.029227557411273485,162.3057142857143,4650,4.853862212943633,0,,0,0,4,0,2,0,0,1
2017-02-04,617,13,1017.36,1017360000,0.02106969205834684,78.25846153846155,3175,5.145867098865478,0,,0,0,5,1,2,0,0,1
2017-02-05,595,12,810.64,810640000,0.020168067226890758,67.55333333333333,3008,5.055462184873949,0,,0,0,6,1,2,0,0,1
2017-02-06,1048,27,3550.71,3550710000,0.025763358778625955,131.5077777777778,5233,4.9933206106870225,0,,0,0,0,0,2,0,0,1
2017-02-07,1061,23,3995.87,3995870000,0.021677662582469368,173.73347826086956,5373,5.064090480678605,0,,0,0,1,0,2,0,0,1
2017-02-08,1165,22,2818.4,2818400000,0.01888412017167382,128.10909090909092,5059,4.342489270386266,0,,0,0,2,0,2,0,0,2
2017-02-09,1103,28,5411.8,5411800000,0.025385312783318223,193.27857142857144,4906,4.447869446962828,0,,0,0,3,0,2,0,0,2
2017-02-10,1043,22,4894.12,4894120000,0.02109300095877277,222.46,4863,4.662511984659636,0,,0,0,4,0,2,0,0,2
2017-02-11,611,8,642.79,642790000,0.01309328968903437,80.34875,3253,5.3240589198036,0,,1,0,5,1,2,0,0,2
2017-02-12,625,15,741.59,741590000,0.024,49.43933333333334,3192,5.1072,1,Lincoln's Birthday,0,0,6,1,2,0,0,2
2017-02-13,1046,30,3668.05,3668050000,0.028680688336520075,122.26833333333335,5416,5.177820267686425,0,,0,1,0,0,2,0,0,2
2017-02-14,1127,50,23137.77,23137770000,0.044365572315882874,462.7554,5783,5.1313220940550135,0,,0,0,1,0,2,0,0,2
2017-02-15,1154,24,3212.9,3212900000,0.02079722703639515,133.87083333333334,5346,4.6325823223570195,0,,0,0,2,0,2,0,0,3
2017-02-16,1105,33,5891.49,5891490000,0.02986425339366516,178.53,5292,4.7891402714932125,0,,0,0,3,0,2,0,0,3
2017-02-17,1543,68,4415.23,4415230000,0.0440699935191186,64.92985294117646,6811,4.4141283214517175,0,,0,0,4,0,2,0,0,3
2017-02-18,692,13,505.89,505890000,0.01878612716763006,38.91461538461538,3499,5.05635838150289,0,,0,0,5,1,2,0,0,3
2017-02-19,847,10,590.39,590390000,0.011806375442739079,59.039,3901,4.6056670602125145,0,,1,0,6,1,2,0,0,3
2017-02-20,923,22,4359.81,4359810000,0.023835319609967497,198.17318181818183,4555,4.934994582881907,1,Presidents Day,0,0,0,0,2,0,0,3
2017-02-21,1169,25,6466.9,6466900000,0.0213857998289136,258.676,5333,4.56201881950385,0,,0,1,1,0,2,0,0,3
2017-02-22,1109,32,4381.6,4381600000,0.028854824165915238,136.925,5878,5.300270513976556,0,,0,0,2,0,2,0,0,4
2017-02-23,1019,28,2569.7,2569700000,0.02747791952894995,91.77499999999999,5926,5.8155053974484785,0,,0,0,3,0,2,0,0,4
2017-02-24,902,24,4550.11,4550110000,0.026607538802660754,189.58791666666664,5016,5.560975609756097,0,,0,0,4,0,2,0,0,4
2017-02-25,610,12,895.32,895320000,0.019672131147540985,74.61,2821,4.6245901639344265,0,,0,0,5,1,2,0,0,4
2017-02-26,610,7,447.75,447750000,0.011475409836065573,63.964285714285715,3125,5.122950819672131,0,,0,0,6,1,2,0,0,4
2017-02-27,1060,27,3352.19,3352190000,0.02547169811320755,124.15518518518519,5056,4.769811320754717,0,,0,0,0,0,2,0,0,4
2017-02-28,940,32,5311.68,5311680000,0.03404255319148936,165.99,4581,4.873404255319149,0,,0,0,1,0,2,0,1,4
2017-03-01,975,30,3968.41,3968410000,0.03076923076923077,132.28033333333332,4975,5.102564102564102,0,,0,0,2,0,3,1,0,1
2017-03-02,937,37,4074.44,4074440000,0.03948772678762007,110.12,5329,5.687299893276414,0,,0,0,3,0,3,0,0,1
2017-03-03,861,25,2843.73,2843730000,0.029036004645760744,113.7492,4329,5.02787456445993,0,,0,0,4,0,3,0,0,1
2017-03-04,589,42,2829.84,2829840000,0.07130730050933787,67.37714285714286,3898,6.6179966044142615,0,,0,0,5,1,3,0,0,1
2017-03-05,726,25,1775.84,1775840000,0.03443526170798898,71.03359999999999,3865,5.323691460055096,0,,0,0,6,1,3,0,0,1
2017-03-06,1034,28,3167.4,3167400000,0.027079303675048357,113.12142857142858,5017,4.852030947775629,0,,0,0,0,0,3,0,0,1
2017-03-07,1133,34,6385.77,6385770000,0.03000882612533098,187.81676470588238,6147,5.425419240953222,0,,0,0,1,0,3,0,0,1
2017-03-08,1138,25,3858.3,3858300000,0.021968365553602813,154.332,5696,5.005272407732865,0,,0,0,2,0,3,0,0,2
2017-03-09,969,30,4272.97,4272970000,0.030959752321981424,142.43233333333333,5174,5.339525283797729,0,,0,0,3,0,3,0,0,2
2017-03-10,861,31,3788.37,3788370000,0.036004645760743324,122.20548387096774,4856,5.639953542392567,0,,0,0,4,0,3,0,0,2
2017-03-11,559,12,936.31,936310000,0.02146690518783542,78.02583333333332,2937,5.254025044722719,0,,0,0,5,1,3,0,0,2
2017-03-12,660,11,664.88,664880000,0.016666666666666666,60.443636363636365,2987,4.525757575757575,0,,0,0,6,1,3,0,0,2
2017-03-13,1103,32,4301.51,4301510000,0.02901178603807797,134.4221875,5332,4.8340888485947415,0,,0,0,0,0,3,0,0,2
2017-03-14,935,30,2939.22,2939220000,0.03208556149732621,97.97399999999999,4620,4.9411764705882355,0,,0,0,1,0,3,0,0,2
2017-03-15,1077,30,6541.25,6541250000,0.027855153203342618,218.04166666666666,5677,5.2711234911792015,0,,0,0,2,0,3,0,0,3
2017-03-16,967,28,4081.1,4081100000,0.028955532574974147,145.75357142857143,4788,4.9513960703205795,0,,0,0,3,0,3,0,0,3
2017-03-17,906,31,3215.14,3215140000,0.03421633554083885,103.71419354838709,4789,5.285871964679911,0,,0,0,4,0,3,0,0,3
2017-03-18,555,16,1161.26,1161260000,0.02882882882882883,72.57875,2818,5.077477477477477,0,,0,0,5,1,3,0,0,3
2017-03-19,587,16,1714.89,1714890000,0.027257240204429302,107.180625,2909,4.955706984667803,0,,0,0,6,1,3,0,0,3
2017-03-20,1079,40,11224.93,11224930000,0.03707136237256719,280.62325,5576,5.167747914735867,0,,0,0,0,0,3,0,0,3
2017-03-21,1005,31,5547.31,5547310000,0.030845771144278607,178.94548387096776,4821,4.7970149253731345,0,,0,0,1,0,3,0,0,3
2017-03-22,1079,40,6844.06,6844060000,0.03707136237256719,171.10150000000002,5592,5.182576459684894,0,,0,0,2,0,3,0,0,4
2017-03-23,972,24,9478.6,9478600000,0.024691358024691357,394.94166666666666,5070,5.216049382716049,0,,0,0,3,0,3,0,0,4
2017-03-24,916,29,11045.18,11045180000,0.03165938864628821,380.86827586206897,4912,5.362445414847161,0,,0,0,4,0,3,0,0,4
2017-03-25,600,12,747.44,747440000,0.02,62.28666666666667,2713,4.5216666666666665,0,,0,0,5,1,3,0,0,4
2017-03-26,646,13,1420.49,1420490000,0.020123839009287926,109.26846153846154,3145,4.868421052631579,0,,0,0,6,1,3,0,0,4
2017-03-27,1109,42,6181.1,6181100000,0.03787195671776375,147.16904761904763,5450,4.9143372407574395,0,,0,0,0,0,3,0,0,4
2017-03-28,1178,43,8466.48,8466480000,0.0365025466893039,196.8948837209302,5464,4.638370118845501,0,,0,0,1,0,3,0,0,4
2017-03-29,1128,48,6415.73,6415730000,0.0425531914893617,133.66104166666665,5566,4.934397163120567,0,,0,0,2,0,3,0,0,5
2017-03-30,1254,35,3588.75,3588750000,0.027910685805422646,102.53571428571429,5841,4.657894736842105,0,,0,0,3,0,3,0,0,5
2017-03-31,1028,18,4056.26,4056260000,0.017509727626459144,225.3477777777778,5109,4.969844357976654,0,,0,0,4,0,3,0,1,5
2017-04-01,952,11,442.07,442070000,0.011554621848739496,40.18818181818182,3666,3.850840336134454,0,,0,0,5,1,4,1,0,1
2017-04-02,619,14,1125.01,1125010000,0.022617124394184167,80.35785714285714,3100,5.008077544426494,0,,0,0,6,1,4,0,0,1
2017-04-03,1005,36,4719.42,4719420000,0.03582089552238806,131.095,4785,4.7611940298507465,0,,0,0,0,0,4,0,0,1
2017-04-04,1234,36,4150.47,4150470000,0.029173419773095625,115.29083333333334,5928,4.80388978930308,0,,0,0,1,0,4,0,0,1
2017-04-05,1009,34,51029.75,51029750000,0.03369672943508424,1500.875,4727,4.684836471754212,0,,0,0,2,0,4,0,0,1
2017-04-06,1042,40,6225.64,6225640000,0.03838771593090211,155.64100000000002,5353,5.137236084452975,0,,0,0,3,0,4,0,0,1
2017-04-07,925,42,13985.85,13985850000,0.04540540540540541,332.99642857142857,4966,5.368648648648649,0,,0,0,4,0,4,0,0,1
2017-04-08,565,15,1160.34,1160340000,0.02654867256637168,77.356,2716,4.807079646017699,0,,0,0,5,1,4,0,0,2
2017-04-09,587,9,1376.79,1376790000,0.015332197614991482,152.97666666666666,2719,4.632027257240204,0,,0,0,6,1,4,0,0,2
2017-04-10,1014,35,5178.01,5178010000,0.03451676528599606,147.94314285714287,5415,5.340236686390533,0,,0,0,0,0,4,0,0,2
2017-04-11,1001,28,2705.56,2705560000,0.027972027972027972,96.62714285714286,5643,5.637362637362638,0,,0,0,1,0,4,0,0,2
2017-04-12,988,46,5009.3,5009300000,0.0465587044534413,108.89782608695653,5290,5.354251012145749,0,,0,0,2,0,4,0,0,2
2017-04-13,1036,36,5563.19,5563190000,0.03474903474903475,154.53305555555553,5123,4.944980694980695,0,,1,0,3,0,4,0,0,2
2017-04-14,830,40,5240.73,5240730000,0.04819277108433735,131.01825,4469,5.38433734939759,1,Good Friday,1,0,4,0,4,0,0,2
2017-04-14,830,40,5240.73,5240730000,0.04819277108433735,131.01825,4469,5.38433734939759,1,Good Friday,0,1,4,0,4,0,0,2
2017-04-15,489,7,323.28,323280000,0.014314928425357873,46.18285714285714,2487,5.085889570552148,0,,0,1,5,1,4,0,0,3
2017-04-16,472,15,1263.76,1263760000,0.03177966101694915,84.25066666666666,2348,4.97457627118644,0,,0,0,6,1,4,0,0,3
2017-04-17,1042,38,8977.89,8977890000,0.036468330134357005,236.2602631578947,5124,4.917466410748561,0,,0,0,0,0,4,0,0,3
2017-04-18,1002,49,37892.06,37892060000,0.04890219560878244,773.3073469387755,5014,5.0039920159680635,0,,0,0,1,0,4,0,0,3
2017-04-19,1008,39,7472.48,7472480000,0.03869047619047619,191.60205128205126,5442,5.398809523809524,0,,0,0,2,0,4,0,0,3
2017-04-20,971,39,4237.36,4237360000,0.04016477857878476,108.6502564102564,5246,5.402677651905252,0,,0,0,3,0,4,0,0,3
2017-04-21,914,44,11944.08,11944080000,0.04814004376367615,271.4563636363636,4646,5.083150984682713,0,,0,0,4,0,4,0,0,3
2017-04-22,534,13,1776.15,1776150000,0.024344569288389514,136.62692307692308,2561,4.795880149812734,0,,0,0,5,1,4,0,0,4
2017-04-23,531,10,403.28,403280000,0.018832391713747645,40.327999999999996,2529,4.762711864406779,0,,0,0,6,1,4,0,0,4
2017-04-24,954,24,2417.63,2417630000,0.025157232704402517,100.73458333333333,4729,4.9570230607966455,0,,0,0,0,0,4,0,0,4
2017-04-25,953,32,3045.88,3045880000,0.033578174186778595,95.18375,5086,5.336831059811122,0,,0,0,1,0,4,0,0,4
2017-04-26,2059,40,5254.93,5254930000,0.01942690626517727,131.37325,9028,4.38465274405051,0,,0,0,2,0,4,0,0,4
2017-04-27,1236,43,17270.54,17270540000,0.03478964401294499,401.6404651162791,5985,4.842233009708738,0,,0,0,3,0,4,0,0,4
2017-04-28,1040,63,4725.55,4725550000,0.06057692307692308,75.00873015873016,5560,5.346153846153846,0,,0,0,4,0,4,0,0,4
2017-04-29,623,19,1110.35,1110350000,0.030497592295345103,58.43947368421052,2642,4.240770465489566,0,,0,0,5,1,4,0,0,5
2017-04-30,608,27,2705.87,2705870000,0.044407894736842105,100.2174074074074,3084,5.072368421052632,0,,0,0,6,1,4,0,1,5
2017-05-01,1269,76,7364.72,7364720000,0.05988967691095351,96.9042105263158,6566,5.1741528762805356,0,,0,0,0,0,5,1,0,1
2017-05-02,1217,68,5202.39,5202390000,0.05587510271158587,76.50573529411766,6987,5.741166803615448,0,,0,0,1,0,5,0,0,1
2017-05-03,1166,70,5724.06,5724060000,0.060034305317324184,81.77228571428572,5792,4.9674099485420244,0,,0,0,2,0,5,0,0,1
2017-05-04,1240,48,3302.81,3302810000,0.03870967741935484,68.80854166666667,5464,4.406451612903226,0,,0,0,3,0,5,0,0,1
2017-05-05,935,32,5561.33,5561330000,0.034224598930481284,173.7915625,4499,4.811764705882353,0,,0,0,4,0,5,0,0,1
2017-05-06,495,12,883.36,883360000,0.024242424242424242,73.61333333333333,2456,4.961616161616162,0,,0,0,5,1,5,0,0,1
2017-05-07,537,10,1165.54,1165540000,0.0186219739292365,116.554,2357,4.389199255121043,0,,1,0,6,1,5,0,0,1
2017-05-08,964,51,5788.3,5788300000,0.052904564315352696,113.49607843137255,5051,5.2396265560165975,1,Truman Day,0,0,0,0,5,0,0,2
2017-05-09,946,46,7577.2,7577200000,0.048625792811839326,164.72173913043477,4970,5.25369978858351,0,,0,1,1,0,5,0,0,2
2017-05-10,933,39,5764.17,5764170000,0.04180064308681672,147.79923076923077,4924,5.277599142550911,0,,0,0,2,0,5,0,0,2
2017-05-11,1034,43,4309.72,4309720000,0.041586073500967116,100.22604651162791,5147,4.977756286266924,0,,0,0,3,0,5,0,0,2
2017-05-12,919,50,6637.03,6637030000,0.0544069640914037,132.7406,4910,5.342763873775843,0,,0,0,4,0,5,0,0,2
2017-05-13,491,21,2175.92,2175920000,0.04276985743380855,103.6152380952381,2569,5.232179226069246,0,,0,0,5,1,5,0,0,2
2017-05-14,511,9,587.66,587660000,0.01761252446183953,65.29555555555555,2866,5.608610567514677,0,,0,0,6,1,5,0,0,2
2017-05-15,1389,35,3502.24,3502240000,0.0251979841612671,100.064,5666,4.07919366450684,0,,0,0,0,0,5,0,0,3
2017-05-16,1864,52,6287.4,6287400000,0.027896995708154508,120.91153846153846,6932,3.718884120171674,0,,0,0,1,0,5,0,0,3
2017-05-17,1542,39,4919.65,4919650000,0.02529182879377432,126.14487179487179,6400,4.150453955901427,0,,0,0,2,0,5,0,0,3
2017-05-18,1241,34,3845.77,3845770000,0.0273972602739726,113.11088235294118,5821,4.690572119258662,0,,0,0,3,0,5,0,0,3
2017-05-19,1116,41,6592.03,6592030000,0.036738351254480286,160.78121951219512,5859,5.25,0,,0,0,4,0,5,0,0,3
2017-05-20,806,30,1069.39,1069390000,0.03722084367245657,35.64633333333334,3467,4.301488833746898,0,,0,0,5,1,5,0,0,3
2017-05-21,625,21,1029.23,1029230000,0.0336,49.01095238095238,2820,4.512,0,,0,0,6,1,5,0,0,3
2017-05-22,1081,24,1984.07,1984070000,0.022201665124884366,82.66958333333334,5162,4.7752081406105455,0,,0,0,0,0,5,0,0,4
2017-05-23,1080,32,4642.1,4642100000,0.02962962962962963,145.065625,5328,4.933333333333334,0,,0,0,1,0,5,0,0,4
2017-05-24,1059,32,4832.78,4832780000,0.030217186024551465,151.024375,5589,5.277620396600566,0,,0,0,2,0,5,0,0,4
2017-05-25,1113,33,2383.83,2383830000,0.029649595687331536,72.23727272727272,5281,4.744833782569632,0,,0,0,3,0,5,0,0,4
2017-05-26,1031,30,4365.18,4365180000,0.029097963142580018,145.506,4731,4.588748787584869,0,,0,0,4,0,5,0,0,4
2017-05-27,586,16,1255.46,1255460000,0.027303754266211604,78.46625,2603,4.4419795221843,0,,0,0,5,1,5,0,0,4
2017-05-28,539,9,333.99,333990000,0.016697588126159554,37.11,2434,4.515769944341373,0,,1,0,6,1,5,0,0,4
2017-05-29,566,15,1189.7,1189700000,0.026501766784452298,79.31333333333333,2734,4.830388692579505,1,Memorial Day,0,0,0,0,5,0,0,5
2017-05-30,1003,40,8587.8,8587800000,0.03988035892323031,214.695,4864,4.849451645064805,0,,0,1,1,0,5,0,0,5
2017-05-31,1103,53,11017.39,11017390000,0.04805077062556664,207.87528301886792,5655,5.126926563916591,0,,0,0,2,0,5,0,1,5
2017-06-01,1408,34,3048.74,3048740000,0.024147727272727272,89.66882352941175,5965,4.236505681818182,0,,0,0,3,0,6,1,0,1
2017-06-02,1138,37,4693.06,4693060000,0.03251318101933216,126.83945945945948,5472,4.808435852372583,0,,0,0,4,0,6,0,0,1
2017-06-03,565,15,1655.53,1655530000,0.02654867256637168,110.36866666666667,2557,4.525663716814159,0,,0,0,5,1,6,0,0,1
2017-06-04,658,13,1243.12,1243120000,0.019756838905775075,95.62461538461538,3013,4.579027355623101,0,,0,0,6,1,6,0,0,1
2017-06-05,1425,35,4274.65,4274650000,0.02456140350877193,122.13285714285713,6083,4.268771929824561,0,,0,0,0,0,6,0,0,1
2017-06-06,1176,27,2454.65,2454650000,0.02295918367346939,90.91296296296296,5279,4.488945578231292,0,,0,0,1,0,6,0,0,1
2017-06-07,1048,35,2860.79,2860790000,0.033396946564885496,81.73685714285715,5237,4.997137404580153,0,,0,0,2,0,6,0,0,1
2017-06-08,1078,26,3327.17,3327170000,0.02411873840445269,127.96807692307692,5310,4.925788497217068,0,,0,0,3,0,6,0,0,2
2017-06-09,957,35,4013.99,4013990000,0.03657262277951933,114.68542857142856,4929,5.150470219435737,0,,0,0,4,0,6,0,0,2
2017-06-10,609,11,514.63,514630000,0.0180623973727422,46.78454545454545,2577,4.231527093596059,0,,0,0,5,1,6,0,0,2
2017-06-11,670,26,1229.48,1229480000,0.03880597014925373,47.28769230769231,3244,4.841791044776119,0,,0,0,6,1,6,0,0,2
2017-06-12,1144,57,10809.0,10809000000,0.049825174825174824,189.6315789473684,5681,4.965909090909091,0,,0,0,0,0,6,0,0,2
2017-06-13,1045,47,5987.04,5987040000,0.044976076555023926,127.38382978723403,5550,5.311004784688995,0,,0,0,1,0,6,0,0,2
2017-06-14,1295,44,9032.15,9032150000,0.03397683397683398,205.27613636363637,6201,4.788416988416988,0,,0,0,2,0,6,0,0,2
2017-06-15,1101,32,4888.28,4888280000,0.029064486830154404,152.75875,5051,4.587647593097184,0,,0,0,3,0,6,0,0,3
2017-06-16,957,34,5717.84,5717840000,0.035527690700104496,168.17176470588237,4606,4.812957157784744,0,,0,0,4,0,6,0,0,3
2017-06-17,590,17,1925.63,1925630000,0.0288135593220339,113.27235294117648,2704,4.583050847457627,0,,0,0,5,1,6,0,0,3
2017-06-18,695,27,2636.42,2636420000,0.03884892086330935,97.64518518518518,3541,5.094964028776978,0,,0,0,6,1,6,0,0,3
2017-06-19,1076,40,9130.83,9130830000,0.03717472118959108,228.27075,5336,4.95910780669145,0,,0,0,0,0,6,0,0,3
2017-06-20,1080,33,3786.78,3786780000,0.030555555555555555,114.75090909090909,5528,5.118518518518519,0,,0,0,1,0,6,0,0,3
2017-06-21,1188,36,8685.85,8685850000,0.030303030303030304,241.2736111111111,5374,4.523569023569023,0,,0,0,2,0,6,0,0,3
2017-06-22,1037,34,2275.45,2275450000,0.03278688524590164,66.925,5271,5.082931533269045,0,,0,0,3,0,6,0,0,4
2017-06-23,1069,29,2225.78,2225780000,0.027128157156220765,76.75103448275863,5024,4.699719363891488,0,,0,0,4,0,6,0,0,4
2017-06-24,650,10,439.92,439920000,0.015384615384615385,43.992000000000004,2880,4.430769230769231,0,,0,0,5,1,6,0,0,4
2017-06-25,694,19,877.89,877890000,0.027377521613832854,46.20473684210526,3011,4.338616714697406,0,,0,0,6,1,6,0,0,4
2017-06-26,1080,31,1907.48,1907480000,0.028703703703703703,61.531612903225806,5049,4.675,0,,0,0,0,0,6,0,0,4
2017-06-27,1313,38,3873.8,3873800000,0.028941355674028942,101.9421052631579,5875,4.4744859101294745,0,,0,0,1,0,6,0,0,4
2017-06-28,1124,31,9042.57,9042570000,0.027580071174377226,291.6958064516129,5371,4.77846975088968,0,,0,0,2,0,6,0,0,4
2017-06-29,1270,44,4792.0,4792000000,0.03464566929133858,108.9090909090909,6319,4.975590551181102,0,,0,0,3,0,6,0,0,5
2017-06-30,1211,34,4204.98,4204980000,0.028075970272502065,123.67588235294116,5412,4.469033856317093,0,,0,0,4,0,6,0,1,5
2017-07-01,827,3,100.54,100540000,0.0036275695284159614,33.513333333333335,3133,3.788391777509069,0,,0,0,5,1,7,1,0,1
2017-07-02,706,8,678.99,678990000,0.0113314447592068,84.87375,2568,3.6373937677053823,0,,0,0,6,1,7,0,0,1
2017-07-03,718,14,1296.43,1296430000,0.019498607242339833,92.60214285714287,2957,4.118384401114207,0,,1,0,0,0,7,0,0,1
2017-07-04,628,6,381.1,381100000,0.009554140127388535,63.51666666666667,2365,3.765923566878981,1,Independence Day,0,0,1,0,7,0,0,1
2017-07-05,1390,41,8197.55,8197550000,0.029496402877697843,199.940243902439,5956,4.284892086330935,0,,0,1,2,0,7,0,0,1
2017-07-06,1229,30,3761.0,3761000000,0.024410089503661515,125.36666666666666,5081,4.134255492270138,0,,0,0,3,0,7,0,0,1
2017-07-07,1115,40,4653.2,4653200000,0.03587443946188341,116.33,5224,4.685201793721973,0,,0,0,4,0,7,0,0,1
2017-07-08,745,14,527.96,527960000,0.01879194630872483,37.71142857142858,2852,3.8281879194630872,0,,0,0,5,1,7,0,0,2
2017-07-09,797,16,680.42,680420000,0.020075282308657464,42.52625,3134,3.932245922208281,0,,0,0,6,1,7,0,0,2
2017-07-10,1326,45,6272.11,6272110000,0.033936651583710405,139.38022222222222,6136,4.627450980392157,0,,0,0,0,0,7,0,0,2
2017-07-11,1268,40,5819.64,5819640000,0.031545741324921134,145.491,5292,4.173501577287066,0,,0,0,1,0,7,0,0,2
2017-07-12,1263,48,3437.42,3437420000,0.03800475059382423,71.61291666666666,6194,4.904196357878068,0,,0,0,2,0,7,0,0,2
2017-07-13,1338,62,17762.06,17762060000,0.04633781763826607,286.48483870967743,7115,5.31763826606876,0,,0,0,3,0,7,0,0,2
2017-07-14,1182,46,4517.05,4517050000,0.038917089678511,98.19673913043479,6172,5.22165820642978,0,,0,0,4,0,7,0,0,2
2017-07-15,681,15,781.73,781730000,0.022026431718061675,52.11533333333333,3412,5.010279001468429,0,,0,0,5,1,7,0,0,3
2017-07-16,720,24,1785.56,1785560000,0.03333333333333333,74.39833333333333,3673,5.101388888888889,0,,0,0,6,1,7,0,0,3
2017-07-17,1403,53,4951.11,4951110000,0.037776193870277974,93.41716981132075,7376,5.2573057733428366,0,,0,0,0,0,7,0,0,3
2017-07-18,1354,51,31889.08,31889080000,0.03766617429837518,625.2760784313726,7280,5.376661742983752,0,,0,0,1,0,7,0,0,3
2017-07-19,1225,56,6335.5,6335500000,0.045714285714285714,113.13392857142857,6564,5.358367346938776,0,,0,0,2,0,7,0,0,3
2017-07-20,1231,41,4930.69,4930690000,0.03330625507717303,120.26073170731706,6081,4.939886271324127,0,,0,0,3,0,7,0,0,3
2017-07-21,1208,40,3925.4,3925400000,0.033112582781456956,98.135,6611,5.472682119205298,0,,0,0,4,0,7,0,0,3
2017-07-22,696,17,2414.05,2414050000,0.02442528735632184,142.00294117647059,3388,4.867816091954023,0,,0,0,5,1,7,0,0,4
2017-07-23,763,14,422.57,422570000,0.01834862385321101,30.18357142857143,3428,4.492791612057667,0,,0,0,6,1,7,0,0,4
2017-07-24,1159,38,4984.59,4984590000,0.03278688524590164,131.1734210526316,5702,4.919758412424504,0,,0,0,0,0,7,0,0,4
2017-07-25,1265,35,3903.22,3903220000,0.02766798418972332,111.52057142857143,6639,5.248221343873518,0,,0,0,1,0,7,0,0,4
2017-07-26,1265,42,5416.64,5416640000,0.03320158102766799,128.96761904761905,6767,5.349407114624506,0,,0,0,2,0,7,0,0,4
2017-07-27,1235,49,4425.91,4425910000,0.03967611336032389,90.32469387755101,6557,5.3093117408906885,0,,0,0,3,0,7,0,0,4
2017-07-28,1170,44,5163.12,5163120000,0.037606837606837605,117.34363636363636,5851,5.000854700854701,0,,0,0,4,0,7,0,0,4
2017-07-29,683,18,1121.02,1121020000,0.02635431918008785,62.278888888888886,3335,4.882869692532943,0,,0,0,5,1,7,0,0,5
2017-07-30,740,20,2226.9,2226900000,0.02702702702702703,111.345,3698,4.9972972972972975,0,,0,0,6,1,7,0,0,5
2017-07-31,1347,59,11713.83,11713830000,0.04380103934669636,198.53949152542373,7652,5.6807720861172974,0,,0,0,0,0,7,0,1,5
2017-08-01,1287,44,8884.01,8884010000,0.03418803418803419,201.90931818181818,7423,5.767676767676767,0,,0,0,1,0,8,1,0,1
